
{
  "name": "Santee",
  "center": [
    32.85052,
    -117.02223
  ],
  "centerLat": 32.85052,
  "centerLng": -117.02223,
  "zoom": 18,
  "minZoom": 15,
  "maxZoom": 22,
  "areas": []
}